"Guid","Name"
006941ec-8c47-4998-8ccb-08a40de409fe,CREATED_IN_CONTROL_edited
38ebd017-7eca-4e94-bc14-7fbfe640d7c9,CONTROL_edited
4610a653-6a72-4f36-94a7-ff354bb2200c,CONTROL_edited
5b45afa7-3762-4de3-bd20-c720794c1d93,record2_testinggggg_agaiiiiiiin
9f68b235-a3e9-47d9-8457-72c36fbb1eff,LZ1_edited
a6ac224a-0b33-4b45-b759-f3459c77236a,CREATED_IN_CONTROL_edited
b3b5abf4-ffa3-4c4f-865b-65c384236231,record1
bd9abd93-56d4-4db9-ab43-6939472caece,record1
c07d80d8-3df9-41a6-a15d-4f99558effb6,CREATED_IN_CONTROL_edited
d29c1897-bce2-4426-aea0-5b9b647bba91,record1
de0b810c-6351-4cc5-8afb-9b43229a0d62,record2
ee425524-e5df-4c10-95b8-4655bf89ecfe,record2
